{
  "Total" : {
    "transaction" : "Total",
    "sampleCount" : 1,
    "errorCount" : 0,
    "errorPct" : 0.0,
    "meanResTime" : 1336.0,
    "medianResTime" : 1336.0,
    "minResTime" : 1336.0,
    "maxResTime" : 1336.0,
    "pct1ResTime" : 1336.0,
    "pct2ResTime" : 1336.0,
    "pct3ResTime" : 1336.0,
    "throughput" : 0.7485029940119761,
    "receivedKBytesPerSec" : 1.170997848053892,
    "sentKBytesPerSec" : 0.12353223241017963
  },
  "GET_METHOD " : {
    "transaction" : "GET_METHOD ",
    "sampleCount" : 1,
    "errorCount" : 0,
    "errorPct" : 0.0,
    "meanResTime" : 1336.0,
    "medianResTime" : 1336.0,
    "minResTime" : 1336.0,
    "maxResTime" : 1336.0,
    "pct1ResTime" : 1336.0,
    "pct2ResTime" : 1336.0,
    "pct3ResTime" : 1336.0,
    "throughput" : 0.7485029940119761,
    "receivedKBytesPerSec" : 1.170997848053892,
    "sentKBytesPerSec" : 0.12353223241017963
  }
}